csv,label,k,schedule,proof_bytes,prove_s,verify_ms,prove_elems_per_s,delta_size_pct_vs_paper,delta_prove_pct_vs_paper,delta_verify_pct_vs_paper,delta_throughput_pct_vs_paper
csv,paper,11,[16,16,8],63648,0.022113,1.485,92615.379634,0.00,0.00,0.00,0.00
csv,paper,12,[16,16,8,2],77920,0.029961,1.842,136713.147579,0.00,0.00,0.00,0.00
csv,paper,13,[16,16,8,4],96896,0.046592,1.917,175825.904195,0.00,0.00,0.00,0.00
csv,paper,14,[16,16,8,8],106496,0.079270,1.942,206685.683919,0.00,0.00,0.00,0.00
csv,paper,15,[16,16,8,16],118176,0.146200,1.991,224131.326949,0.00,0.00,0.00,0.00
csv,paper,16,[16,16,8,32],131520,0.278007,2.041,235735.354634,0.00,0.00,0.00,0.00
csv,paper,17,[16,16,8,64],159296,0.540738,2.261,242394.746921,0.00,0.00,0.00,0.00
csv,paper,18,[16,16,8,128],187712,1.076713,2.368,243466.855985,0.00,0.00,0.00,0.00
csv,paper,19,[16,16,8,256],237568,2.133881,2.833,245696.881815,0.00,0.00,0.00,0.00
csv,paper,20,[16,16,8,512],254048,4.253862,2.851,246499.756863,0.00,0.00,0.00,0.00
