csv,label,k,schedule,proof_bytes,prove_s,verify_ms,prove_elems_per_s,delta_size_pct_vs_paper,delta_prove_pct_vs_paper,delta_verify_pct_vs_paper,delta_throughput_pct_vs_paper
csv,paper,11,[16,16,8],29976,0.006825,0.363,300064.071298,0.00,0.00,0.00,0.00
csv,paper,12,[16,16,8,2],34848,0.009699,0.393,422317.021304,0.00,0.00,0.00,0.00
csv,paper,13,[16,16,8,4],43040,0.015911,0.415,514858.526719,0.00,0.00,0.00,0.00
csv,paper,14,[16,16,8,8],44064,0.028507,0.422,574730.162891,0.00,0.00,0.00,0.00
csv,paper,15,[16,16,8,16],47904,0.053067,0.429,617478.706378,0.00,0.00,0.00,0.00
csv,paper,16,[16,16,8,32],52000,0.104702,0.443,625927.583113,0.00,0.00,0.00,0.00
csv,paper,17,[16,16,8,64],67872,0.202598,0.465,646956.041027,0.00,0.00,0.00,0.00
csv,paper,18,[16,16,8,128],86048,0.405345,0.495,646718.891401,0.00,0.00,0.00,0.00
csv,paper,19,[16,16,8,256],118560,0.804898,0.535,651372.076240,0.00,0.00,0.00,0.00
csv,paper,20,[16,16,8,512],118560,1.604213,0.525,653638.717606,0.00,0.00,0.00,0.00
